
{
    "code":200,
    "msg": "请求成功!",
    "data": [
        {
            "title":"StaffTraveler",
            "brief":"A community driven app which allows airline staff to request and share loads information for non-rev flights",
            "tags":[ "nodejs","react","styled components","google cloud platform","typescript","kubernetes","react native" ],
            "cover":"https://zhtutorial.oss-cn-hangzhou.aliyuncs.com/react/website/cover1.jpg",
            "id":1
        },
        {
            "title":"Vauxlab 2017",
            "brief":"About this website, and what makes it awesome.",
            "tags":[ "react","gatsby","styled components","contentful" ],
            "cover":"https://zhtutorial.oss-cn-hangzhou.aliyuncs.com/react/website/cover2.jpg",
            "id":2
        },
        {
            "title":"Re:Fuse",
            "brief":"Fusing reactive programming with audiovisual composition using web technologies",
            "tags":[ "web audio","nodejs","rx.js" ],
            "cover":"https://zhtutorial.oss-cn-hangzhou.aliyuncs.com/react/website/cover3.jpg",
            "id":3
        },
        {
            "title":"Kaliber",
            "brief":"Front-end development for a digital media agency",
            "tags":[ "postcss","react","redux" ],
            "cover":"https://zhtutorial.oss-cn-hangzhou.aliyuncs.com/react/website/cover4.jpg",
            "id":4
        },
        {
            "title":"NLN Live",
            "brief":"A system for non-linear composition and live performance",
            "tags":[ "nodejs","react","mongodb" ],
            "cover":"https://zhtutorial.oss-cn-hangzhou.aliyuncs.com/react/website/cover5.jpg",
            "id":5
        },
        {
            "title":"Coca-Cola Cascada",
            "brief":"A huge interactive installation with generative graphics, music and sound",
            "tags":[ "max" ],
            "cover":"https://zhtutorial.oss-cn-hangzhou.aliyuncs.com/react/website/cover6.jpg",
            "id":6
        },
        {
            "title":"4D Sound",
            "brief":"A novel immersive system which allows for evolving changes in three-dimensional positioning of sound.",
            "tags":[ "max","c/c++" ],
            "cover":"https://zhtutorial.oss-cn-hangzhou.aliyuncs.com/react/website/cover7.jpg",
            "id":7
        }
    ]
}